{
  "model_name_or_path": "google/gemma-3-1b-it",
  "tokenizer_name": "google/gemma-3-1b-it",
  "teacher_model_name_or_path": "google/gemma-3-12b-it",
  "alpha_kd": 0.47,
  "temperature_kd": 2.0,
  "learning_rate": 0.00015,
  "output_dir": "outputs/gemma_kd_hyperformer_gem/",
  "max_source_length": 512,
  "max_target_length": 128,
  "val_max_target_length": 128,
  "test_max_target_length": 128,
  "num_train_epochs": 10,
  "warmup_steps": 300,
  "eval_steps": 2000,
  "overwrite_output_dir": true,
  "per_device_train_batch_size": 8,
  "per_device_eval_batch_size": 8,
  "save_steps": 2000,
  "logging_first_step": true,
  "logging_steps": 200,
  "save_total_limit": 1,
  "temperature": 0.1,
  "do_train": true,
  "do_test": true,
  "do_eval": true,
  "predict_with_generate": true,
  "split_validation_test": true,
  "load_best_model_at_end": true,
  "eval_strategy": "steps",
  "save_strategy": "steps",
  "evaluation_strategy": "steps",
  "metric_for_best_model": "average_metrics",
  "greater_is_better": true,
  "max_steps": -1,
  "tasks": [
    "squad_v2",
    "dart",
    "e2e_nlg"
  ],
  "eval_tasks": [
    "squad_v2",
    "dart",
    "e2e_nlg"
  ],
  "train_adapters": true,
  "adapter_config_name": "meta-adapter",
  "reduction_factor": 32,
  "projected_task_embedding_dim": 64,
  "task_embedding_dim": 64,
  "conditional_layer_norm": true,
  "efficient_unique_hyper_net": true,
  "non_linearity": "gelu_new",
  "freeze_model": false,
  "unfreeze_layer_norms": true,
  "unfreeze_lm_head": false,
  "use_cpu": false,
  "gradient_accumulation_steps": 4,
  "lr_scheduler": "cosine"
}